<?xml version="1.0" encoding="UTF-8"?>
<metadata xml:lang="en"><Esri><CreaDate>20130809</CreaDate><CreaTime>09343900</CreaTime><SyncOnce>TRUE</SyncOnce><DataProperties><lineage><Process Name="DefineProjection_5" ToolSource="C:\Program Files\ArcGIS\ArcToolbox\Toolboxes\Data Management Tools.tbx\DefineProjection" Date="20070504" Time="105537" export="">DefineProjection L:\base_data\species\asia\tigers\survey_landscapes_geo.shp GEOGCS['GCS_WGS_1984',DATUM['D_WGS_1984',SPHEROID['WGS_1984',6378137.0,298.257223563]],PRIMEM['Greenwich',0.0],UNIT['Degree',0.0174532925199433]] L:\base_data\species\asia\tigers\survey_landscapes_geo.shp</Process></lineage><itemProps><itemLocation><linkage Sync="TRUE">file://\\8560W\Users\ForrestJ\Desktop\ForWeb\TCL_data\survey_landscapes_geo</linkage><protocol Sync="TRUE">Local Area Network</protocol></itemLocation></itemProps><copyHistory><copy source="H:\Jessica Backup\L-DRIVE\projects\Tigers\data\TCLs\survey_landscapes_geo" dest="\\8560W\Users\ForrestJ\Desktop\ForWeb\TCL_data\survey_landscapes_geo" date="20130809" time="09343900"></copy></copyHistory></DataProperties><ModDate>20130809</ModDate><ModTime>9235600</ModTime><scaleRange><minScale>150000000</minScale><maxScale>5000</maxScale></scaleRange><ArcGISFormat>1.0</ArcGISFormat><ArcGISProfile>ItemDescription</ArcGISProfile></Esri><dataIdInfo><idPurp>Areas of habitat in the current tiger range where tiger status is unknown, to prioritize areas for survey.
</idPurp><idAbs>&lt;DIV STYLE="text-align:Left;"&gt;&lt;DIV&gt;&lt;P&gt;&lt;SPAN&gt;Survey Landscapes are large areas of structural land cover under low human impact where tiger status is unknown. To our knowledge, these areas have not been surveyed since 1995. Priority survey landscapes are the largest 20% in each bioregion.&lt;/SPAN&gt;&lt;/P&gt;&lt;/DIV&gt;&lt;/DIV&gt;</idAbs><idCredit>Dinerstein, E., Loucks, C.J., Wikramanayake, E., Ginsberg, J., Sanderson, E., Seidensticker, J., Forrest, J.L., Bryja, G., Heydlauff, A., Klenzendorf, S., Mills, J, O'Brien, T., Shrestha, M, Simons, R., Songer, M. 2007. The fate of wild tigers. BioScience 57(96):508--514

and

Wildlife Conservation Society, World Wildlife Fund, Smithsonian Institution, Save the Tiger Fund (WCS, WWF, Smithsonian, STF). 2006. Setting Priorities for Conservation and Recovery of Wild Tigers 2005-2010. Funded by Save the Tiger Fund, the Critical Ecosystem Partnership Fund, the United Nations Foundation, and the Zoological Society of London. July 2006. </idCredit><idCitation><resTitle>Tiger Survey Landscapes</resTitle></idCitation></dataIdInfo></metadata>
