<?xml version="1.0" encoding="UTF-8"?>
<metadata xml:lang="en"><Esri><CreaDate>20130809</CreaDate><CreaTime>09343900</CreaTime><SyncOnce>FALSE</SyncOnce><DataProperties><lineage><Process Name="DefineProjection_3" ToolSource="C:\Program Files\ArcGIS\ArcToolbox\Toolboxes\Data Management Tools.tbx\DefineProjection" Date="20070504" Time="103816" export="">DefineProjection L:\base_data\species\asia\tigers\tcl_classes-and-priorities_geo.shp GEOGCS['GCS_WGS_1984',DATUM['D_WGS_1984',SPHEROID['WGS_1984',6378137.0,298.257223563]],PRIMEM['Greenwich',0.0],UNIT['Degree',0.0174532925199433]] L:\base_data\species\asia\tigers\tcl_classes-and-priorities_geo.shp</Process></lineage><itemProps><itemLocation><linkage Sync="TRUE">file://\\8560W\Users\ForrestJ\Desktop\ForWeb\TCL_data\tcl_classes-and-priorities_geo</linkage><protocol Sync="TRUE">Local Area Network</protocol></itemLocation></itemProps><copyHistory><copy source="H:\Jessica Backup\L-DRIVE\projects\Tigers\data\TCLs\tcl_classes-and-priorities_geo" dest="\\8560W\Users\ForrestJ\Desktop\ForWeb\TCL_data\tcl_classes-and-priorities_geo" date="20130809" time="09343900"></copy></copyHistory></DataProperties><SyncDate>20090806</SyncDate><SyncTime>16433300</SyncTime><ModDate>20130809</ModDate><ModTime>9210800</ModTime><scaleRange><minScale>150000000</minScale><maxScale>5000</maxScale></scaleRange><ArcGISFormat>1.0</ArcGISFormat><ArcGISProfile>ItemDescription</ArcGISProfile></Esri><idinfo><native Sync="TRUE">Microsoft Windows 2000 Version 5.2 (Build 3790) Service Pack 2; ESRI ArcCatalog 9.3.0.1770</native><descript><langdata Sync="TRUE">en</langdata><abstract>REQUIRED: A brief narrative summary of the data set.</abstract><purpose>REQUIRED: A summary of the intentions with which the data set was developed.</purpose></descript><citation><citeinfo><origin>REQUIRED: The name of an organization or individual that developed the data set.</origin><pubdate>REQUIRED: The date when the data set is published or otherwise made available for release.</pubdate><title Sync="TRUE">tcl_classes-and-priorities_geo</title><ftname Sync="TRUE">tcl_classes-and-priorities_geo</ftname><geoform Sync="TRUE">vector digital data</geoform><onlink Sync="TRUE">\\SASQUATCH\GIS\projects\Tigers\data\TCLs\tcl_classes-and-priorities_geo.shp</onlink></citeinfo></citation><timeperd><current>REQUIRED: The basis on which the time period of content information is determined.</current><timeinfo><sngdate><caldate>REQUIRED: The year (and optionally month, or month and day) for which the data set corresponds to the ground.</caldate></sngdate></timeinfo></timeperd><status><progress>REQUIRED: The state of the data set.</progress><update>REQUIRED: The frequency with which changes and additions are made to the data set after the initial data set is completed.</update></status><spdom><bounding><westbc Sync="TRUE">73.201447</westbc><eastbc Sync="TRUE">140.664355</eastbc><northbc Sync="TRUE">51.279804</northbc><southbc Sync="TRUE">-5.941142</southbc></bounding><lboundng><leftbc Sync="TRUE">73.201447</leftbc><rightbc Sync="TRUE">140.664355</rightbc><bottombc Sync="TRUE">-5.941142</bottombc><topbc Sync="TRUE">51.279804</topbc></lboundng></spdom><keywords><theme><themekt>REQUIRED: Reference to a formally registered thesaurus or a similar authoritative source of theme keywords.</themekt><themekey>REQUIRED: Common-use word or phrase used to describe the subject of the data set.</themekey></theme></keywords><accconst>REQUIRED: Restrictions and legal prerequisites for accessing the data set.</accconst><useconst>REQUIRED: Restrictions and legal prerequisites for using the data set after access is granted.</useconst><natvform Sync="TRUE">Shapefile</natvform></idinfo><dataIdInfo><envirDesc Sync="TRUE">Microsoft Windows 2000 Version 5.2 (Build 3790) Service Pack 2; ESRI ArcCatalog 9.3.0.1770</envirDesc><dataLang><languageCode Sync="TRUE" value="en"/></dataLang><idCitation><resTitle Sync="FALSE">Tiger Conservation Landscapes (TCLs)</resTitle><presForm><PresFormCd Sync="TRUE" value="005"/></presForm></idCitation><spatRpType><SpatRepTypCd Sync="TRUE" value="001"/></spatRpType><dataExt><geoEle><GeoBndBox esriExtentType="native"><westBL Sync="TRUE">73.201447</westBL><eastBL Sync="TRUE">140.664355</eastBL><northBL Sync="TRUE">51.279804</northBL><southBL Sync="TRUE">-5.941142</southBL><exTypeCode Sync="TRUE">1</exTypeCode></GeoBndBox></geoEle></dataExt><geoBox esriExtentType="decdegrees"><westBL Sync="TRUE">73.201447</westBL><eastBL Sync="TRUE">140.664355</eastBL><northBL Sync="TRUE">51.279804</northBL><southBL Sync="TRUE">-5.941142</southBL><exTypeCode Sync="TRUE">1</exTypeCode></geoBox><idPurp>Tiger Conservation Landscapes (TCLs) represent the most important areas where tigers exist, a classification of their status (as of 2005), and priorities for conservation.</idPurp><idAbs>&lt;DIV STYLE="text-align:Left;"&gt;&lt;P STYLE="margin:0 0 0 0;"&gt;&lt;SPAN&gt;&lt;SPAN&gt;A Tiger Conservation Landscape (TCL) is a block or cluster of blocks of habitat meeting a minimum size threshold specific to habitat-type, where tigers have been confirmed to occur in the last 10 years and are not known to have been extirpated. A TCL has the following attributes:· (1) A TCL has evidence of one or more tigers over the last 10 years; (2) A TCL can consist of several adjacent blocks of habitat among which tigers can disperse, up to a distance of 4 km; (3) A TCL need not be restricted to nor contain protected areas, but instead includes the entire landscape over which tigers may disperse and become established; (4) A TCL must meet a minimum core area requirement for its largest block of habitat that is specific to the habitat-type in which it is found; (5) TCL boundaries are defined either where habitat ends with no suitable habitat within 4 km for the tiger to disperse to, or at country or ecoregion boundaries. TCLs are identified according to their Class and Priority. Class refers to a TCL’s current conservation status and probability for achieving conservation success in the next decade (Class I is highest, Class IV is not enough information). TCL priority indicates priority for conservation investment, ensuring the suite of Global and Regional Priority TCLs are representative across biomes and bioregions. For more information, see Chapters 4 and 6 in WCS, WWF, Smithsonian, STF 2006.&lt;/SPAN&gt;&lt;/SPAN&gt;&lt;/P&gt;&lt;DIV&gt;&lt;P&gt;&lt;SPAN /&gt;&lt;/P&gt;&lt;/DIV&gt;&lt;/DIV&gt;</idAbs><idCredit>Dinerstein, E., Loucks, C.J., Wikramanayake, E., Ginsberg, J., Sanderson, E., Seidensticker, J., Forrest, J.L., Bryja, G., Heydlauff, A., Klenzendorf, S., Mills, J, O'Brien, T., Shrestha, M, Simons, R., Songer, M. 2007. The fate of wild tigers. BioScience 57(96):508--514

and

Wildlife Conservation Society, World Wildlife Fund, Smithsonian Institution, Save the Tiger Fund (WCS, WWF, Smithsonian, STF). 2006. Setting Priorities for Conservation and Recovery of Wild Tigers 2005-2010. Funded by Save the Tiger Fund, the Critical Ecosystem Partnership Fund, the United Nations Foundation, and the Zoological Society of London. July 2006. </idCredit></dataIdInfo><metainfo><langmeta Sync="TRUE">en</langmeta><metstdn Sync="TRUE">FGDC Content Standards for Digital Geospatial Metadata</metstdn><metstdv Sync="TRUE">FGDC-STD-001-1998</metstdv><mettc Sync="TRUE">local time</mettc><metc><cntinfo><cntorgp><cntper>REQUIRED: The person responsible for the metadata information.</cntper><cntorg>REQUIRED: The organization responsible for the metadata information.</cntorg></cntorgp><cntaddr><addrtype>REQUIRED: The mailing and/or physical address for the organization or individual.</addrtype><city>REQUIRED: The city of the address.</city><state>REQUIRED: The state or province of the address.</state><postal>REQUIRED: The ZIP or other postal code of the address.</postal></cntaddr><cntvoice>REQUIRED: The telephone number by which individuals can speak to the organization or individual.</cntvoice></cntinfo></metc><metd Sync="TRUE">20090806</metd><metextns><onlink Sync="TRUE">http://www.esri.com/metadata/esriprof80.html</onlink><metprof Sync="TRUE">ESRI Metadata Profile</metprof></metextns></metainfo><mdLang><languageCode Sync="TRUE" value="en"/></mdLang><mdStanName Sync="TRUE">ISO 19115 Geographic Information - Metadata</mdStanName><mdStanVer Sync="TRUE">DIS_ESRI1.0</mdStanVer><mdChar><CharSetCd Sync="TRUE" value="004"/></mdChar><mdHrLv><ScopeCd Sync="TRUE" value="005"/></mdHrLv><mdHrLvName Sync="TRUE">dataset</mdHrLvName><distinfo><resdesc Sync="TRUE">Downloadable Data</resdesc><stdorder><digform><digtinfo><transize Sync="TRUE">2.580</transize><dssize Sync="TRUE">2.580</dssize></digtinfo></digform></stdorder></distinfo><distInfo><distributor><distorTran><onLineSrc><orDesc Sync="TRUE">002</orDesc><linkage Sync="TRUE">file://\\SASQUATCH\GIS\projects\Tigers\data\TCLs\tcl_classes-and-priorities_geo.shp</linkage><protocol Sync="TRUE">Local Area Network</protocol></onLineSrc><transSize Sync="TRUE">2.580</transSize></distorTran><distorFormat><formatName Sync="TRUE">Shapefile</formatName></distorFormat></distributor></distInfo><spdoinfo><direct Sync="TRUE">Vector</direct><ptvctinf><esriterm Name="tcl_classes-and-priorities_geo"><efeatyp Sync="TRUE">Simple</efeatyp><efeageom Sync="TRUE">Polygon</efeageom><esritopo Sync="TRUE">FALSE</esritopo><efeacnt Sync="TRUE">76</efeacnt><spindex Sync="TRUE">TRUE</spindex><linrefer Sync="TRUE">FALSE</linrefer></esriterm><sdtsterm Name="tcl_classes-and-priorities_geo"><sdtstype Sync="TRUE">G-polygon</sdtstype><ptvctcnt Sync="TRUE">76</ptvctcnt></sdtsterm></ptvctinf></spdoinfo><spref><horizsys><cordsysn><geogcsn Sync="TRUE">GCS_WGS_1984</geogcsn></cordsysn><geograph><geogunit Sync="TRUE">Decimal degrees</geogunit><latres Sync="TRUE">0.000000</latres><longres Sync="TRUE">0.000000</longres></geograph><geodetic><horizdn Sync="TRUE">D_WGS_1984</horizdn><ellips Sync="TRUE">WGS_1984</ellips><semiaxis Sync="TRUE">6378137.000000</semiaxis><denflat Sync="TRUE">298.257224</denflat></geodetic></horizsys></spref><refSysInfo><RefSystem><refSysID><identCode Sync="TRUE">GCS_WGS_1984</identCode></refSysID></RefSystem></refSysInfo><spatRepInfo><VectSpatRep><topLvl><TopoLevCd Sync="TRUE" value="001"/></topLvl><geometObjs Name="tcl_classes-and-priorities_geo"><geoObjTyp><GeoObjTypCd Sync="TRUE" value="001"/></geoObjTyp><geoObjCnt Sync="TRUE">76</geoObjCnt></geometObjs></VectSpatRep></spatRepInfo><eainfo><detailed Name="tcl_classes-and-priorities_geo"><enttyp><enttypl Sync="TRUE">tcl_classes-and-priorities_geo</enttypl><enttypt Sync="TRUE">Feature Class</enttypt><enttypc Sync="TRUE">76</enttypc></enttyp><attr><attrlabl Sync="TRUE">FID</attrlabl><attalias Sync="TRUE">FID</attalias><attrtype Sync="TRUE">OID</attrtype><attwidth Sync="TRUE">4</attwidth><atprecis Sync="TRUE">0</atprecis><attscale Sync="TRUE">0</attscale><attrdef Sync="TRUE">Internal feature number.</attrdef><attrdefs Sync="TRUE">ESRI</attrdefs><attrdomv><udom Sync="TRUE">Sequential unique whole numbers that are automatically generated.</udom></attrdomv></attr><attr><attrlabl Sync="TRUE">Shape</attrlabl><attalias Sync="TRUE">Shape</attalias><attrtype Sync="TRUE">Geometry</attrtype><attwidth Sync="TRUE">0</attwidth><atprecis Sync="TRUE">0</atprecis><attscale Sync="TRUE">0</attscale><attrdef Sync="TRUE">Feature geometry.</attrdef><attrdefs Sync="TRUE">ESRI</attrdefs><attrdomv><udom Sync="TRUE">Coordinates defining the features.</udom></attrdomv></attr><attr><attrlabl Sync="TRUE">LS__0</attrlabl><attalias Sync="TRUE">LS__0</attalias><attrtype Sync="TRUE">Number</attrtype><attwidth Sync="TRUE">8</attwidth></attr><attr><attrlabl Sync="TRUE">LS_CODE0</attrlabl><attalias Sync="TRUE">LS_CODE0</attalias><attrtype Sync="TRUE">Number</attrtype><attwidth Sync="TRUE">8</attwidth></attr><attr><attrlabl Sync="TRUE">LS_TYPE0</attrlabl><attalias Sync="TRUE">LS_TYPE0</attalias><attrtype Sync="TRUE">String</attrtype><attwidth Sync="TRUE">25</attwidth></attr><attr><attrlabl Sync="TRUE">LS_LEGEND0</attrlabl><attalias Sync="TRUE">LS_LEGEND0</attalias><attrtype Sync="TRUE">Number</attrtype><attwidth Sync="TRUE">16</attwidth></attr><attr><attrlabl Sync="TRUE">TCL_NAME</attrlabl><attalias Sync="TRUE">TCL_NAME</attalias><attrtype Sync="TRUE">String</attrtype><attwidth Sync="TRUE">48</attwidth></attr><attr><attrlabl Sync="TRUE">CLASS</attrlabl><attalias Sync="TRUE">CLASS</attalias><attrtype Sync="TRUE">String</attrtype><attwidth Sync="TRUE">3</attwidth></attr><attr><attrlabl Sync="TRUE">PRIORITY</attrlabl><attalias Sync="TRUE">PRIORITY</attalias><attrtype Sync="TRUE">Number</attrtype><attwidth Sync="TRUE">1</attwidth></attr><attr><attrlabl Sync="TRUE">PRIORITYNM</attrlabl><attalias Sync="TRUE">PRIORITYNM</attalias><attrtype Sync="TRUE">String</attrtype><attwidth Sync="TRUE">25</attwidth></attr><attr><attrlabl Sync="TRUE">Area_km2</attrlabl><attalias Sync="TRUE">Area_km2</attalias><attrtype Sync="TRUE">Number</attrtype><attwidth Sync="TRUE">9</attwidth></attr><attr><attrlabl Sync="TRUE">WWF_priori</attrlabl><attalias Sync="TRUE">WWF_priori</attalias><attrtype Sync="TRUE">Number</attrtype><attwidth Sync="TRUE">4</attwidth></attr></detailed></eainfo><mdDateSt Sync="TRUE">20130809</mdDateSt></metadata>
